RL.ID,Class,Order,Family,Kew.name,Common.name,RL.category,TBL.median,ED.median,EDGE.median,EDGE.Rank,Distribution.code,Distribution.name
32353,GINKGOOPSIDA,GINKGOALES,GINKGOACEAE,Ginkgo biloba,Maidenhair Tree,EN,315.0,315.0,151.023341081503,1,CN,China
34926,PINOPSIDA,PINALES,ARAUCARIACEAE,Wollemia nobilis,Wollemi Pine,CR,136.095033,136.095033001934,133.286324571103,2,AU,Australia
32975,PINOPSIDA,PINALES,ARAUCARIACEAE,Araucaria angustifolia,Parana Pine,CR,28.090047,41.5398632528277,39.5754207782176,3,"AR, BR, PY","Argentina, Brazil, Paraguay"
31052,PINOPSIDA,PINALES,PODOCARPACEAE,Acmopyle sahniana,,CR,29.379558,36.2328928176124,34.618710732647,4,FJ,Fiji
42107,CYCADOPSIDA,CYCADALES,ZAMIACEAE,Microcycas calocoma,Cork Palm,CR,29.42105,29.42105,29.3776837334177,5,CU,Cuba
31355,PINOPSIDA,PINALES,ARAUCARIACEAE,Araucaria araucana,Monkey Puzzle,EN,28.090047,56.1290885056079,24.9771575961544,6,"AR, CL","Argentina, Chile"
31002,PINOPSIDA,PINALES,PODOCARPACEAE,Parasitaxus usta,Cèdre rabougri,VU,100.731852,101.579984692334,23.9818163133443,7,NC,New Caledonia
34023,PINOPSIDA,PINALES,CUPRESSACEAE,Sequoiadendron giganteum,Giant Sequoia,EN,30.163409,43.6153762974025,23.1411275463225,8,US,United States of America
32317,PINOPSIDA,PINALES,CUPRESSACEAE,Metasequoia glyptostroboides,Dawn Redwood,EN,37.080714,47.5162518715991,23.0893393675263,9,CN,China
34051,PINOPSIDA,PINALES,CUPRESSACEAE,Sequoia sempervirens,Redwood,EN,30.163409,43.1431664952896,22.7674273648914,10,US,United States of America
31255,PINOPSIDA,PINALES,CUPRESSACEAE,Taiwania cryptomerioides,Coffin Tree,VU,86.097673,86.097673,19.923999278632,11,"CN, MM, TW, VN","China, Myanmar, Taiwan, Province of China, Viet Nam"
32316,PINOPSIDA,PINALES,PINACEAE,Cathaya argyrophylla,,VU,71.322332,71.322332,17.2884307289724,12,CN,China
34196,PINOPSIDA,PINALES,PINACEAE,Pseudolarix amabilis,Chinese Golden Larch ,VU,66.333857,66.3411129388198,14.9425020322821,13,CN,China
32312,PINOPSIDA,PINALES,CUPRESSACEAE,Glyptostrobus pensilis,Chinese Swamp Cypress,CR,13.973626,15.1027428146111,14.4021354433901,14,"CN, LA, VN","China, Lao People's Democratic Republic, Viet Nam"
32798,PINOPSIDA,PINALES,TAXACEAE,Pseudotaxus chienii,Whiteberry Yew,VU,62.005306,62.0053062417107,14.3147870919086,15,CN,China
30534,PINOPSIDA,PINALES,PODOCARPACEAE,Pherosphaera fitzgeraldii,Dwarf Mountain Pine,CR,3.236226,15.5737908742823,14.2303034762171,16,AU,Australia
38324,PINOPSIDA,PINALES,PODOCARPACEAE,Pectinopitys standleyi,Cipresillo,EN,27.058629485,28.4703645991852,13.5259430116961,17,CR,Costa Rica
41939,CYCADOPSIDA,CYCADALES,STANGERIACEAE,Stangeria eriopus,Natal Grass Cycad,VU,50.759524,50.7595240055413,12.3999097250993,18,"MZ, ZA","Mozambique, South Africa"
34107,PINOPSIDA,PINALES,PODOCARPACEAE,Pectinopitys ladei,Mt Spurgeon Black Pine,VU,45.213983,45.2356672365725,9.81001955775366,19,AU,Australia
30497,PINOPSIDA,PINALES,ARAUCARIACEAE,Araucaria heterophylla,Norfolk Island Pine,VU,39.45402,39.4540206357994,9.1564594779731,20,NF,Norfolk Island
30965,PINOPSIDA,PINALES,TAXACEAE,Taxus floridana,Florida Yew,CR,9.217281,9.47096959461823,8.76850242354479,21,US,United States of America
42048,CYCADOPSIDA,CYCADALES,CYCADACEAE,Cycas multipinnata,,CR,8.696645,8.696645,8.43574565,22,"CN, VN","China, Viet Nam"
42040,CYCADOPSIDA,CYCADALES,CYCADACEAE,Cycas hongheensis,,CR,10.323199,10.323199,8.33760401852445,23,CN,China
30978,PINOPSIDA,PINALES,ARAUCARIACEAE,Agathis montana,Mount Panié Kauri,CR,8.04153,8.45930348589745,8.06496452278175,24,NC,New Caledonia
42149,CYCADOPSIDA,CYCADALES,ZAMIACEAE,Dioon spinulosum,Coyolito de Cerro,EN,14.691371,14.756835296436,7.45115320902901,25,MX,Mexico
31001,PINOPSIDA,PINALES,PODOCARPACEAE,Podocarpus decumbens,,CR,8.816176,8.816176,7.18865343022988,26,NC,New Caledonia
35934,PINOPSIDA,PINALES,PODOCARPACEAE,Prumnopitys andina,Lleuque,VU,32.545108,33.0269007257399,7.18217751878673,27,CL,Chile
31291,PINOPSIDA,PINALES,PINACEAE,Pseudotsuga japonica,Japanese Douglas-fir,EN,13.901389,14.3117533470796,7.16764531449222,28,JP,Japan
42507,PINOPSIDA,PINALES,PODOCARPACEAE,Podocarpus henkelii,Henkel's Yellowwood,EN,14.446517,14.4465172127967,6.69189466804392,29,"MW, TZ, ZA, ZW","Malawi, Tanzania, United Republic of, South Africa, Zimbabwe"
42063,CYCADOPSIDA,CYCADALES,CYCADACEAE,Cycas pranburiensis,,CR,6.506327,6.50632700044086,6.311137190427634,30,TH,Thailand
42098,CYCADOPSIDA,CYCADALES,CYCADACEAE,Cycas zeylanica,,CR,6.232883,6.23288301678536,6.045896526281799,31,IN,India
42118,CYCADOPSIDA,CYCADALES,ZAMIACEAE,Zamia spartea,,CR,5.5244564455,7.29484942845725,5.88994450672133,32,MX,Mexico
31862,PINOPSIDA,PINALES,ARAUCARIACEAE,Agathis kinabaluensis,,EN,9.513257982,10.8075915932122,5.85817224958009,33,MY,Malaysia
34150,PINOPSIDA,PINALES,PODOCARPACEAE,Falcatifolium angustum,,EN,12.20081812,12.8263967573822,5.74022583177062,34,MY,Malaysia
31290,PINOPSIDA,PINALES,PINACEAE,Picea koyamae,Koyama's Spruce,CR,5.744365,6.02916150460441,5.6945678411522,35,JP,Japan
32628,PINOPSIDA,PINALES,PINACEAE,Pinus nelsonii,Nelson Pinyon Pine,EN,10.958171,10.9587748400867,5.51534051088705,36,MX,Mexico
31258,PINOPSIDA,PINALES,CUPRESSACEAE,Cunninghamia konishii,,EN,6.039561,11.2504645473251,5.30025228701624,37,"CN, LA, TW, VN","China, Lao People's Democratic Republic, Taiwan, Province of China, Viet Nam"
34106,PINOPSIDA,PINALES,PODOCARPACEAE,Podocarpus urbanii,Blue Mountain Yacca,CR,5.830711,5.83174510587327,5.15760448490631,38,JM,Jamaica
32055,PINOPSIDA,PINALES,CUPRESSACEAE,Athrotaxis selaginoides,King William Pine,VU,2.551752,21.2167438871592,5.14854191156215,39,AU,Australia
31265,PINOPSIDA,PINALES,TAXACEAE,Amentotaxus formosana,Taiwan Catkin Yew,EN,10.551438,10.5542399917059,5.118806395977361,40,TW,"Taiwan, Province of China"
32054,PINOPSIDA,PINALES,CUPRESSACEAE,Athrotaxis cupressoides,Pencil Pine,VU,2.551752,20.7512814454534,5.03577684593899,41,AU,Australia
42037,CYCADOPSIDA,CYCADALES,CYCADACEAE,Cycas chamaoensis,,CR,5.299164,5.59859323366382,5.02502696260675,42,TH,Thailand
41893,CYCADOPSIDA,CYCADALES,ZAMIACEAE,Encephalartos middelburgensis,Middelburg Cycad,CR,4.950118,5.29171893351029,4.95688211762546,43,ZA,South Africa
41884,CYCADOPSIDA,CYCADALES,ZAMIACEAE,Encephalartos cupidus,Blyde River Cycad,CR,4.950118,5.29612742415411,4.94567241649382,44,ZA,South Africa
111580831,PINOPSIDA,PINALES,ARAUCARIACEAE,Araucaria muelleri,,EN,8.785401,10.6294290883512,4.93579337508405,45,NC,New Caledonia
34065,PINOPSIDA,PINALES,TAXACEAE,Cephalotaxus hainanensis,Hainan Plum Yew,EN,10.175691,10.1996206587185,4.90539109577918,46,CN,China
30926,PINOPSIDA,PINALES,CUPRESSACEAE,Fitzroya cupressoides,Patagonian Cypress,EN,9.124465,9.57077236645748,4.87840926021391,47,"AR, CL","Argentina, Chile"
42148,CYCADOPSIDA,CYCADALES,ZAMIACEAE,Dioon rzedowskii,,EN,9.894908,10.2251110258539,4.77424750960317,48,MX,Mexico
41892,CYCADOPSIDA,CYCADALES,ZAMIACEAE,Encephalartos latifrons,Albany Cycad,CR,5.219288,5.219288,4.76168393293135,49,ZA,South Africa
42548,PINOPSIDA,PINALES,TAXACEAE,Taxus chinensis,Chinese Yew,EN,9.348277,9.71209493581987,4.71839795022228,50,"CN, VN","China, Viet Nam"
32379,PINOPSIDA,PINALES,TAXACEAE,Torreya jackii,Jack's Nutmeg Tree,EN,9.878566,9.88489060824785,4.71814443214062,51,CN,China
202905,PINOPSIDA,PINALES,ARAUCARIACEAE,Agathis borneensis,,EN,8.3778,9.05102848606574,4.63424948185077,52,"BN, ID, MY","Brunei Darussalam, Indonesia, Malaysia"
31865,PINOPSIDA,PINALES,ARAUCARIACEAE,Agathis orbicula,,EN,8.946189039,9.61630161681663,4.61785789242424,53,"ID, MY","Indonesia, Malaysia"
42047,CYCADOPSIDA,CYCADALES,CYCADACEAE,Cycas hoabinhensis,,EN,11.972033,11.972033,4.60256893755487,54,VN,Viet Nam
30980,PINOPSIDA,PINALES,ARAUCARIACEAE,Agathis ovata,Scrub Kauri,EN,8.04153,8.81763108818796,4.5909399552533,55,NC,New Caledonia
42038,CYCADOPSIDA,CYCADALES,CYCADACEAE,Cycas debaoensis,,CR,4.9983,5.03975742879767,4.54250863364147,56,CN,China
46171879,PINOPSIDA,PINALES,TAXACEAE,Taxus wallichiana,East Himalayan Yew,EN,9.471784,9.70350731140166,4.498137202912,57,"BT, CN, ID, IN, MM, NP, PH, PK, VN","Bhutan, China, Indonesia, India, Myanmar, Nepal, Philippines, Pakistan, Viet Nam"
30968,PINOPSIDA,PINALES,TAXACEAE,Torreya taxifolia,Florida Nutmeg Tree,CR,4.695976,4.80105864229922,4.46056321454557,58,US,United States of America
41765,CYCADOPSIDA,CYCADALES,ZAMIACEAE,Encephalartos aemulans,Ngotshe Cycad,CR,4.420687,4.42788803647172,4.24646544660052,59,ZA,South Africa
42430,PINOPSIDA,PINALES,PINACEAE,Pseudotsuga sinensis,Chinese Douglas-fir,VU,16.942634,17.0516285504288,4.23527773158999,60,"CN, TW","China, Taiwan, Province of China"
30983,PINOPSIDA,PINALES,ARAUCARIACEAE,Araucaria humboldtensis,,EN,8.997347,9.00118674329896,4.21254174368505,61,NC,New Caledonia
30478,PINOPSIDA,PINALES,PINACEAE,Abies nebrodensis,Sicilian Fir,CR,4.256958,4.25699581841481,4.19220606656591,62,IT,Italy
38283,PINOPSIDA,PINALES,PINACEAE,Pinus squamata,,CR,4.147963,4.26574624366648,4.18538609077865,63,CN,China
30724,PINOPSIDA,PINALES,TAXACEAE,Taxus globosa,Mesoamerican Yew,EN,9.217281,9.73957730934562,4.04958005514998,64,"GT, HN, MX, SV","Guatemala, Honduras, Mexico, El Salvador"
42065,CYCADOPSIDA,CYCADALES,CYCADACEAE,Cycas segmentifida,,EN,8.341538,8.34234946982627,4.0460394928657415,65,CN,China
39608,PINOPSIDA,PINALES,PODOCARPACEAE,Podocarpus costaricensis,Cipresillo,CR,4.590372,4.72338197825424,4.02912266691247,66,CR,Costa Rica
30999,PINOPSIDA,PINALES,PODOCARPACEAE,Dacrydium guillauminii,,CR,4.165895,4.44530955531832,4.00091619388089,67,NC,New Caledonia
42560,PINOPSIDA,PINALES,PODOCARPACEAE,Podocarpus perrieri,,CR,3.667552057,4.16617194562034,3.96946591619969,68,MG,Madagascar
41883,CYCADOPSIDA,CYCADALES,ZAMIACEAE,Encephalartos cerinus,Waxen Cycad,CR,4.092094,4.38844640744737,3.86053081593053,69,ZA,South Africa
34085,PINOPSIDA,PINALES,PODOCARPACEAE,Podocarpus hispaniolensis,,EN,9.085996,9.08600642831204,3.84421314339646,70,DO,Dominican Republic
42144,CYCADOPSIDA,CYCADALES,ZAMIACEAE,Ceratozamia robusta,palma de camote,EN,9.1,9.1000000065186,3.84066898440461,71,"BZ, GT, MX","Belize, Guatemala, Mexico"
30990,PINOPSIDA,PINALES,ARAUCARIACEAE,Araucaria scopulorum,,EN,8.037314,8.0736127892204,3.74112697774709,72,NC,New Caledonia
42042,CYCADOPSIDA,CYCADALES,CYCADACEAE,Cycas tansachana,,CR,4.469282,4.50008275366665,3.73175406687255,73,TH,Thailand
44028,PINOPSIDA,PINALES,CUPRESSACEAE,Xanthocyparis vietnamensis,Golden Vietnamese Cypress,EN,8.014581,8.01458118312011,3.67380607125877,74,"CN, VN","China, Viet Nam"
34108,PINOPSIDA,PINALES,PODOCARPACEAE,Retrophyllum minus,Bois bouchon,EN,6.762772,7.10272847548268,3.63773408224121,75,NC,New Caledonia
42045,CYCADOPSIDA,CYCADALES,CYCADACEAE,Cycas changjiangensis,,EN,8.13112,8.13184081577392,3.59983355219896,76,CN,China
42121,CYCADOPSIDA,CYCADALES,ZAMIACEAE,Zamia wallisii,,CR,3.754969,3.80105094611213,3.55424576143443,77,CO,Colombia
42039,CYCADOPSIDA,CYCADALES,CYCADACEAE,Cycas fugax,,CR,3.92395,4.01049424044742,3.53648281753848,78,VN,Viet Nam
30987,PINOPSIDA,PINALES,ARAUCARIACEAE,Araucaria nemorosa,,CR,3.495507,3.70483810848502,3.53039979381965,79,NC,New Caledonia
42097,CYCADOPSIDA,CYCADALES,CYCADACEAE,Cycas wadei,Wade’s Pitogo,CR,3.670788,3.79443660352401,3.43233358000375,80,PH,Philippines
39147,PINOPSIDA,PINALES,TAXACEAE,Taxus contorta,West Himalayan Yew,EN,7.530816,7.60873676413021,3.42531652805437,81,"AF, CN, IN, NP, PK","Afghanistan, China, India, Nepal, Pakistan"
34160,PINOPSIDA,PINALES,PODOCARPACEAE,Podocarpus capuronii,,EN,6.033043,6.80457154527854,3.40089286920956,82,MG,Madagascar
30988,PINOPSIDA,PINALES,ARAUCARIACEAE,Araucaria rulei,,EN,6.88066,7.06349655015946,3.38588210157284,83,NC,New Caledonia
42111,CYCADOPSIDA,CYCADALES,ZAMIACEAE,Zamia inermis,palmita,CR,3.760256,3.76596948183755,3.38397338370766,84,MX,Mexico
41903,CYCADOPSIDA,CYCADALES,ZAMIACEAE,Encephalartos concinnus,Runde Cycad,CR,2.274166,3.38155888783125,3.2801121211963125,85,ZW,Zimbabwe
42041,CYCADOPSIDA,CYCADALES,CYCADACEAE,Cycas szechuanensis,,CR,3.189143,3.49748633521412,3.26012762255732,86,CN,China
33216,PINOPSIDA,PINALES,CUPRESSACEAE,Widdringtonia whytei,Mulanje Cedar,CR,3.336779,3.35328851770818,3.25269685603482,87,MW,Malawi
42061,CYCADOPSIDA,CYCADALES,CYCADACEAE,Cycas pachypoda,,CR,2.683928981,3.32669902493135,3.23402618933816,88,VN,Viet Nam
178869,CYCADOPSIDA,CYCADALES,CYCADACEAE,Cycas zambalensis,,CR,2.812203988,3.49426693696095,3.19249656649712,89,PH,Philippines
41882,CYCADOPSIDA,CYCADALES,ZAMIACEAE,Encephalartos brevifoliolatus,Escarpment Cycad,EW,3.311793,3.31813663200205,3.15987946965315,90,0,0
30982,PINOPSIDA,PINALES,ARAUCARIACEAE,Araucaria biramulata,,VU,8.785401,12.6088680398705,2.98794254702968,91,NC,New Caledonia
185752,CYCADOPSIDA,CYCADALES,ZAMIACEAE,Zamia restrepoi,,CR,3.304825,3.32491491367577,2.97295889998673,92,CO,Colombia
31864,PINOPSIDA,PINALES,ARAUCARIACEAE,Agathis lenticula,,VU,11.714557,11.9799725985173,2.91606243235039,93,MY,Malaysia
32030,PINOPSIDA,PINALES,PODOCARPACEAE,Podocarpus salignus,Willow-leaf Podocarp,VU,14.00535,14.0065945986647,2.83351426910036,94,CL,Chile
42120,CYCADOPSIDA,CYCADALES,ZAMIACEAE,Zamia vazquezii,Little Chamal,CR,2.950082,2.97881245447574,2.83049222452473,95,MX,Mexico
34178,PINOPSIDA,PINALES,PINACEAE,Picea retroflexa,Tapao Shan spruce,EN,5.59126,5.5926378024134,2.80241131827291,96,CN,China
42090,CYCADOPSIDA,CYCADALES,CYCADACEAE,Cycas curranii,Curran’s Pitogo,CR,2.397308,3.11540462282789,2.79741070383669,97,PH,Philippines
34049,PINOPSIDA,PINALES,PINACEAE,Picea breweriana,Brewer's Spruce,VU,12.316283,12.316283,2.79341827192533,98,US,United States of America
42056,CYCADOPSIDA,CYCADALES,CYCADACEAE,Cycas lindstromii,,EN,6.447303,6.44730645735094,2.77593379092379,99,VN,Viet Nam
41897,CYCADOPSIDA,CYCADALES,ZAMIACEAE,Encephalartos pterogonus,Toothed-cone Cycad,CR,2.568494,3.07864717870079,2.76898310834512,100,MZ,Mozambique
31276,PINOPSIDA,PINALES,PINACEAE,Picea neoveitchii,Veitch's Spruce,CR,2.895828,2.91060143601104,2.76338046130841,101,CN,China
41890,CYCADOPSIDA,CYCADALES,ZAMIACEAE,Encephalartos inopinus,Lydenburg Cycad,CR,2.889494,2.88949438972745,2.73715367752782,102,ZA,South Africa
42113,CYCADOPSIDA,CYCADALES,ZAMIACEAE,Zamia montana,,CR,2.515247756,3.04464342184729,2.73529568430396,103,CO,Colombia
41895,CYCADOPSIDA,CYCADALES,ZAMIACEAE,Encephalartos munchii,Munch's Cycad,CR,2.274166,2.89410229252192,2.7281904736116,104,MZ,Mozambique
42106,CYCADOPSIDA,CYCADALES,ZAMIACEAE,Dioon caputoi,Palma Real,EN,5.534817,5.53657629505043,2.70972151162401,105,MX,Mexico
32331,PINOPSIDA,PINALES,TAXACEAE,Cephalotaxus oliveri,Oliver's Plum Yew,VU,11.124082,11.1557821736564,2.67152430923719,106,CN,China
42101,CYCADOPSIDA,CYCADALES,ZAMIACEAE,Ceratozamia kuesteriana,,CR,2.794477,2.79489258536291,2.66457937583831,107,MX,Mexico
30997,PINOPSIDA,PINALES,CUPRESSACEAE,Callitris pancheri,,EN,1.350913,5.24302419096842,2.63921768528501,108,NC,New Caledonia
41954,CYCADOPSIDA,CYCADALES,ZAMIACEAE,Macrozamia elegans,,EN,5.508463,5.508463,2.62842544700618,109,AU,Australia
42303,PINOPSIDA,PINALES,PINACEAE,Cedrus atlantica,Atlas Cedar,EN,3.415888,5.12866926347105,2.62384521298265,110,"DZ, MA","Algeria, Morocco"
31406,PINOPSIDA,PINALES,ARAUCARIACEAE,Agathis flavescens,Tahan Agathis,VU,8.4444362645,10.9821618421558,2.61386633047349,111,MY,Malaysia
30993,PINOPSIDA,PINALES,CUPRESSACEAE,Callitris sulcata,Sapin de Comboui,EN,1.350913,5.28095393580367,2.59894783943816,112,NC,New Caledonia
42054,CYCADOPSIDA,CYCADALES,CYCADACEAE,Cycas elongata,,EN,5.299164,5.93310254396741,2.59648452850062,113,VN,Viet Nam
41888,CYCADOPSIDA,CYCADALES,ZAMIACEAE,Encephalartos heenanii,Woolly Cycad,EW,2.000672,2.76502977300578,2.58935530339658,114,"SZ, ZA","Eswatini, South Africa"
42067,CYCADOPSIDA,CYCADALES,CYCADACEAE,Cycas taitungensis,,EN,5.484187,5.55171826444035,2.57514688969595,115,TW,"Taiwan, Province of China"
34113,PINOPSIDA,PINALES,TAXACEAE,Amentotaxus assamica,Assam Catkin Yew,EN,4.167579466,5.27608658403448,2.56887448970284,116,IN,India
42052,CYCADOPSIDA,CYCADALES,CYCADACEAE,Cycas diannanensis,,EN,5.083149,5.28732522689542,2.5643527350442787,117,CN,China
42320,PINOPSIDA,PINALES,PINACEAE,Picea asperata,Dragon Spruce,VU,11.23019,11.2746667035744,2.53434247207405,118,CN,China
32333,PINOPSIDA,PINALES,CUPRESSACEAE,Chamaecyparis formosensis,Taiwan Cypress,EN,4.481923,5.24691111110257,2.52422256797505,119,TW,"Taiwan, Province of China"
42114,CYCADOPSIDA,CYCADALES,ZAMIACEAE,Zamia monticola,,CR,1.713559132,2.93674944206662,2.52043274318578,120,GT,Guatemala
31407,PINOPSIDA,PINALES,PODOCARPACEAE,Dacrydium comosum,,EN,5.56158,5.59910601553523,2.51134906742994,121,MY,Malaysia
30981,PINOPSIDA,PINALES,ARAUCARIACEAE,Araucaria bernieri,,VU,10.205224,10.205558084972,2.51106207057847,122,NC,New Caledonia
30985,PINOPSIDA,PINALES,ARAUCARIACEAE,Araucaria luxurians,Sapin de Noël,EN,4.757224,5.01967279848887,2.45397919977729,123,NC,New Caledonia
42145,CYCADOPSIDA,CYCADALES,ZAMIACEAE,Dioon califanoi,,EN,4.98753,4.9926903206153,2.44474496064766,124,MX,Mexico
41957,CYCADOPSIDA,CYCADALES,ZAMIACEAE,Macrozamia spiralis,,EN,5.090464,5.09050201230943,2.40079077784928,125,AU,Australia
178876,CYCADOPSIDA,CYCADALES,ZAMIACEAE,Zamia elegantissima,,EN,4.832645,5.14569442688456,2.37187321688555,126,PA,Panama
34099,PINOPSIDA,PINALES,PODOCARPACEAE,Podocarpus sellowii,,EN,4.590372,4.8547241024832,2.34766200217026,127,BR,Brazil
42062,CYCADOPSIDA,CYCADALES,CYCADACEAE,Cycas pectinata,,VU,11.13002445,11.6643277091034,2.33473734086248,128,"BD, BT, CN, IN, KH, LA, MM, NP, TH, VN","Bangladesh, Bhutan, China, India, Cambodia, Lao People's Democratic Republic, Myanmar, Nepal, Thailand, Viet Nam"
42133,CYCADOPSIDA,CYCADALES,ZAMIACEAE,Zamia dressleri,,EN,4.832645,5.05763785465383,2.31244199156001,129,PA,Panama
191659,PINOPSIDA,PINALES,TAXACEAE,Taxus mairei,Maire's Yew,VU,9.471784,9.9407788147617,2.28097738786692,130,"CN, TW","China, Taiwan, Province of China"
213253786,CYCADOPSIDA,CYCADALES,ZAMIACEAE,Zamia pygmaea,yuquilla de ratón,EN,4.636781,4.63700253583762,2.2489462298812457,131,CU,Cuba
185863,PINOPSIDA,PINALES,ARAUCARIACEAE,Agathis moorei,Moore's Kauri,VU,8.413599,9.36551114672474,2.24215193454428,132,NC,New Caledonia
30977,PINOPSIDA,PINALES,ARAUCARIACEAE,Agathis lanceolata,Koghis Kauri,VU,9.020748,9.69509392369595,2.22586732280863,133,NC,New Caledonia
42516,PINOPSIDA,PINALES,PODOCARPACEAE,Podocarpus macrocarpus,,EN,3.770836406,4.82630251335758,2.20484916761132,134,PH,Philippines
41896,CYCADOPSIDA,CYCADALES,ZAMIACEAE,Encephalartos nubimontanus,Blue Cycad,EW,1.227672,2.31007351436678,2.19268231276211,135,0,0
41881,CYCADOPSIDA,CYCADALES,ZAMIACEAE,Encephalartos woodii,Wood's Cycad,EW,2.069316,2.22351367793946,2.17155026067153,136,0,0
34110,PINOPSIDA,PINALES,PODOCARPACEAE,Retrophyllum rospigliosii,Pino Hayuelo,VU,6.885433,8.54725500694051,2.16522287083998,137,"BO, CO, EC, PE, VE","Bolivia, Plurinational State of, Colombia, Ecuador, Peru, Venezuela, Bolivarian Republic of"
41885,CYCADOPSIDA,CYCADALES,ZAMIACEAE,Encephalartos dolomiticus,Wolkberg Cycad,CR,1.227672,2.35728356021953,2.14727792146668,138,ZA,South Africa
39154,PINOPSIDA,PINALES,PODOCARPACEAE,Podocarpus matudae,Sabino,VU,9.828193,9.82819300000039,2.12625579404207,139,"GT, HN, MX, SV","Guatemala, Honduras, Mexico, El Salvador"
42155,CYCADOPSIDA,CYCADALES,ZAMIACEAE,Zamia ipetiensis,,EN,4.936733,4.93678643731316,2.11525989149506,140,PA,Panama
30327,PINOPSIDA,PINALES,CUPRESSACEAE,Juniperus cedrus,Canary Islands Juniper,EN,4.825753,4.82965404706387,2.11448453691435,141,"ES, PT","Spain, Portugal"
202906,PINOPSIDA,PINALES,ARAUCARIACEAE,Agathis dammara,Amboina Pitch Tree,VU,8.543089,8.63862031925015,2.095443513137,142,"ID, PH","Indonesia, Philippines"
41928,CYCADOPSIDA,CYCADALES,ZAMIACEAE,Encephalartos whitelockii,,CR,1.935907,2.12688006786397,2.0798035143313,143,UG,Uganda
41908,CYCADOPSIDA,CYCADALES,ZAMIACEAE,Encephalartos altensteinii,Eastern Cape Cycad,VU,8.7,8.7,2.06528912683767,144,ZA,South Africa
41914,CYCADOPSIDA,CYCADALES,ZAMIACEAE,Encephalartos delucanus,,EN,3.955127,3.955127000185,2.03143920780739,145,TZ,"Tanzania, United Republic of"
31051,PINOPSIDA,PINALES,PODOCARPACEAE,Dacrydium nausoriense,,EN,4.562497,4.60844300644811,2.01294650660095,146,FJ,Fiji
32631,PINOPSIDA,PINALES,PINACEAE,Pinus culminicola,Potosi Pinyon Pine,EN,4.018572,4.01860371206666,2.00844702496556,147,MX,Mexico
34094,PINOPSIDA,PINALES,PODOCARPACEAE,Podocarpus purdieanus,Yacca,EN,4.505759,4.50970661486977,1.97962163573234,148,JM,Jamaica
41924,CYCADOPSIDA,CYCADALES,ZAMIACEAE,Encephalartos sclavoi,Sclavo's Cycad,CR,1.724394,2.0877095132009,1.96187629811687,149,TZ,"Tanzania, United Republic of"
41900,CYCADOPSIDA,CYCADALES,ZAMIACEAE,Encephalartos arenarius,Dune Cycad,EN,3.786581,3.82996219916924,1.95231374313735,150,ZA,South Africa
178862,CYCADOPSIDA,CYCADALES,CYCADACEAE,Cycas elephantipes,,EN,4.485167,4.50178297176342,1.94342538664516,151,TH,Thailand
41889,CYCADOPSIDA,CYCADALES,ZAMIACEAE,Encephalartos hirsutus,Venda Cycad,CR,2.066973,2.11897000864556,1.92990985678333,152,ZA,South Africa
32318,PINOPSIDA,PINALES,PINACEAE,Abies beshanzuensis,Baishan Fir,CR,2.082682,2.11434478754981,1.92595874178865,153,CN,China
42197,PINOPSIDA,PINALES,ARAUCARIACEAE,Araucaria montana,,VU,8.458249,8.48134420400168,1.92225770365996,154,NC,New Caledonia
42078,CYCADOPSIDA,CYCADALES,CYCADACEAE,Cycas panzhihuaensis,,VU,8.99583,8.99583031938687,1.84570017840444,155,CN,China
42119,CYCADOPSIDA,CYCADALES,ZAMIACEAE,Zamia urep,,EN,2.9809850375,3.73296734572414,1.8104891626762079,156,PE,Peru
213254735,CYCADOPSIDA,CYCADALES,ZAMIACEAE,Zamia variegata,camotillo,EN,4.187181,4.23238031860223,1.78814449134049,157,"BZ, GT, HN, MX","Belize, Guatemala, Honduras, Mexico"
34416,PINOPSIDA,PINALES,TAXACEAE,Amentotaxus poilanei,Poilane's Catkin Yew,VU,8.549613,8.55414549112145,1.78250971822617,158,VN,Viet Nam
42089,CYCADOPSIDA,CYCADALES,CYCADACEAE,Cycas circinalis,,EN,3.513249,3.62640994385223,1.78174663260824,159,IN,India
238708222,CYCADOPSIDA,CYCADALES,CYCADACEAE,Cycas hainanensis,,EN,3.597145,3.87132649577843,1.76963742835619,160,CN,China
41978,CYCADOPSIDA,CYCADALES,ZAMIACEAE,Macrozamia plurinervia,,EN,3.680866,3.70135746993496,1.76904642256735,161,AU,Australia
30989,PINOPSIDA,PINALES,ARAUCARIACEAE,Araucaria schmidii,,VU,6.41365,7.44877646151036,1.76634529691014,162,NC,New Caledonia
41905,CYCADOPSIDA,CYCADALES,ZAMIACEAE,Encephalartos horridus,Eastern Cape Blue Cycad,EN,3.67643,3.7657524318018,1.76508171912944,163,ZA,South Africa
191877,PINOPSIDA,PINALES,TAXACEAE,Torreya fargesii,Farges Nutmeg Tree,VU,7.53188,7.54697921606846,1.75901930486403,164,CN,China
42153,CYCADOPSIDA,CYCADALES,ZAMIACEAE,Zamia gentryi,Piña de monte,EN,2.3739238955,3.57068616899518,1.7317827919626623,165,EC,Ecuador
32804,PINOPSIDA,PINALES,PINACEAE,Pinus krempfii,Krempf's Pine,VU,6.515005,7.07834242696174,1.71306619366466,166,VN,Viet Nam
31004,PINOPSIDA,PINALES,PODOCARPACEAE,Podocarpus polyspermus,,EN,3.302896,3.34644008051273,1.71183013609327,167,NC,New Caledonia
46191675,PINOPSIDA,PINALES,PINACEAE,Cedrus libani,Cedar of Lebanon,VU,3.415888,7.08830645898416,1.68229513514736,168,"CY, LB, SY, TR","Cyprus, Lebanon, Syrian Arab Republic, Turkey"
42473,PINOPSIDA,PINALES,PODOCARPACEAE,Dacrydium pectinatum,,EN,3.41101,3.54892650943926,1.67535216268504,169,"BN, CN, ID, MY, PH","Brunei Darussalam, China, Indonesia, Malaysia, Philippines"
42124,CYCADOPSIDA,CYCADALES,ZAMIACEAE,Ceratozamia hildae,Bamboo Cycad,CR,0.921187,1.69879759258712,1.6478336648095062,170,MX,Mexico
42109,CYCADOPSIDA,CYCADALES,ZAMIACEAE,Zamia disodon,,EN,2.615973652,3.39425484581,1.64621360021785,171,"CO, PE","Colombia, Peru"
178883,CYCADOPSIDA,CYCADALES,CYCADACEAE,Cycas annaikalensis,,CR,0.570719,1.76747573749661,1.63581292588375,172,IN,India
42130,CYCADOPSIDA,CYCADALES,ZAMIACEAE,Dioon sonorense,Virgin’s Palm,EN,3.076128,3.22844072080357,1.62945163291971,173,MX,Mexico
32378,PINOPSIDA,PINALES,CUPRESSACEAE,Thuja sutchuenensis,,EN,3.172558,3.2137121413567,1.62930622911627,174,CN,China
41887,CYCADOPSIDA,CYCADALES,ZAMIACEAE,Encephalartos equatorialis,,CR,1.753125,1.75358649284992,1.62029572210279,175,UG,Uganda
238708222,CYCADOPSIDA,CYCADALES,CYCADACEAE,Cycas taiwaniana,,EN,3.189143,3.83613215131306,1.60717498291085,176,CN,China
239047689,CYCADOPSIDA,CYCADALES,CYCADACEAE,Cycas riuminiana,Arayat Pitogo,EN,3.471548,3.47659288502291,1.6067219976124,177,PH,Philippines
42108,CYCADOPSIDA,CYCADALES,ZAMIACEAE,Zamia amplifolia,,EN,2.433067324,3.2521220177381,1.5772791786029783,178,CO,Colombia
33924,PINOPSIDA,PINALES,PINACEAE,Pinus rzedowskii,Rzedowski's Pine,VU,6.931062,6.93106201374581,1.56805009662927,179,MX,Mexico
61316,CYCADOPSIDA,CYCADALES,CYCADACEAE,Cycas micronesica,,EN,3.065033,3.07611527389237,1.53957428191087,180,"FM, GU, MP, PW","Micronesia, Federated States of , Guam, Northern Mariana Islands, Palau"
42425,PINOPSIDA,PINALES,PINACEAE,Pinus tropicalis,Tropical Pine,VU,6.674517,6.67566283442187,1.5325102316622,181,CU,Cuba
41956,CYCADOPSIDA,CYCADALES,ZAMIACEAE,Macrozamia pauli-guilielmi,,EN,3.211852,3.21802802695104,1.53018684496134,182,AU,Australia
42117,CYCADOPSIDA,CYCADALES,ZAMIACEAE,Zamia portoricensis,marunguey,EN,3.543063,3.54426258668201,1.52088967836494,183,PR,Puerto Rico
42147,CYCADOPSIDA,CYCADALES,ZAMIACEAE,Dioon purpusii,Palma Real,EN,2.663727,3.11966063725358,1.513035409067986,184,MX,Mexico
34091,PINOPSIDA,PINALES,PODOCARPACEAE,Podocarpus nakaii,,EN,3.149779,3.17605884816323,1.49870281736084,185,TW,"Taiwan, Province of China"
41904,CYCADOPSIDA,CYCADALES,ZAMIACEAE,Encephalartos eugene-maraisii,Waterberg Cycad,EN,1.459792,3.22661128549348,1.48712307600362,186,ZA,South Africa
34321,PINOPSIDA,PINALES,ARAUCARIACEAE,Agathis macrophylla,Fijian Kauri Pine,VU,4.997372,6.10750006800967,1.481068766492345,187,"FJ, SB, VU","Fiji, Solomon Islands, Vanuatu"
34026,PINOPSIDA,PINALES,TAXACEAE,Torreya californica,California Nutmeg,VU,6.376795,6.40434922393265,1.4802198772134,188,US,United States of America
42183,CYCADOPSIDA,CYCADALES,ZAMIACEAE,Ceratozamia mixeorum,carrete,EN,3.314069,3.31409812957529,1.46319587500503,189,MX,Mexico
213256203,CYCADOPSIDA,CYCADALES,ZAMIACEAE,Zamia skinneri,cebolla roja,EN,3.04779,3.15540622228171,1.46221657883538,190,PA,Panama
118076066,PINOPSIDA,PINALES,TAXACEAE,Amentotaxus yunnanensis,Yunnan Catkin Yew,VU,5.744909,6.0903702350357,1.41039782454443,191,"CN, LA, VN","China, Lao People's Democratic Republic, Viet Nam"
30325,PINOPSIDA,PINALES,CUPRESSACEAE,Cupressus dupreziana,Saharan Cypress,EN,2.829977,2.88797552509133,1.40799764270545,192,"DZ, MA","Algeria, Morocco"
35764,PINOPSIDA,PINALES,PINACEAE,Pinus tecunumanii,Schwerdtfeger's Pine,VU,5.890579,5.91931590062033,1.40295661886932,193,"BZ, GT, HN, MX, NI, SV","Belize, Guatemala, Honduras, Mexico, Nicaragua, El Salvador"
42112,CYCADOPSIDA,CYCADALES,ZAMIACEAE,Zamia macrochiera,,EN,1.9595018825,2.86542740994417,1.3897322938229224,194,PE,Peru
42137,CYCADOPSIDA,CYCADALES,ZAMIACEAE,Zamia purpurea,,CR,0.571508,1.54969478040698,1.38528093855343,195,MX,Mexico
41922,CYCADOPSIDA,CYCADALES,ZAMIACEAE,Encephalartos princeps,Kei Cycad,VU,5.477821,5.534775827769,1.36341766800855,196,ZA,South Africa
178880,CYCADOPSIDA,CYCADALES,ZAMIACEAE,Dioon argenteum,,VU,5.957589,5.9586404774958,1.35801918917959,197,MX,Mexico
42036,CYCADOPSIDA,CYCADALES,CYCADACEAE,Cycas beddomei,Beddome’s Cycas,EN,2.350704,2.64314415250787,1.34118580096886,198,IN,India
32463,PINOPSIDA,PINALES,PINACEAE,Abies fanjingshanensis,,EN,2.707705,2.70770500003891,1.33296970937231,199,CN,China
31618,PINOPSIDA,PINALES,CUPRESSACEAE,Juniperus saxicola,Sabina,CR,1.39216,1.39216142392816,1.29608141313002,200,CU,Cuba
42103,CYCADOPSIDA,CYCADALES,ZAMIACEAE,Ceratozamia zaragozae,,EN,2.28494,2.5079885816602,1.216374462105197,201,MX,Mexico
212187677,CYCADOPSIDA,CYCADALES,ZAMIACEAE,Ceratozamia zoquorum,,CR,0.817654,1.32017304455591,1.21568793188741,202,MX,Mexico
42540,PINOPSIDA,PINALES,PODOCARPACEAE,Prumnopitys montana,Diablo Fuerte,VU,0.952883,5.34126026448888,1.19824519228669,203,"BO, CO, EC, PE, VE","Bolivia, Plurinational State of, Colombia, Ecuador, Peru, Venezuela, Bolivarian Republic of"
178875,CYCADOPSIDA,CYCADALES,ZAMIACEAE,Ceratozamia huastecorum,,CR,0.817654,1.32250314794975,1.18516614605182,204,MX,Mexico
32479,PINOPSIDA,PINALES,PINACEAE,Picea chihuahuana,Chihuahua Spruce,EN,2.433958,2.43398859003412,1.18027335680139,205,MX,Mexico
41906,CYCADOPSIDA,CYCADALES,ZAMIACEAE,Encephalartos kisambo,Voi Cycad,EN,1.724394,2.39792877451,1.17640723800899,206,"KE, TZ","Kenya, Tanzania, United Republic of"
41925,CYCADOPSIDA,CYCADALES,ZAMIACEAE,Encephalartos senticosus,Jozini Cycad,VU,2.000672,5.03191513967787,1.15917442828709,207,"MZ, SZ, ZA","Mozambique, Eswatini, South Africa"
41921,CYCADOPSIDA,CYCADALES,ZAMIACEAE,Encephalartos paucidentatus,Barberton Cycad,VU,4.971416,4.971416,1.14966404774973,208,"SZ, ZA","Eswatini, South Africa"
42102,CYCADOPSIDA,CYCADALES,ZAMIACEAE,Ceratozamia norstogii,,EN,2.240955,2.28348593028654,1.14239174990684,209,MX,Mexico
41916,CYCADOPSIDA,CYCADALES,ZAMIACEAE,Encephalartos gratus,Mulanje Cycad,VU,4.82238,4.82238000002479,1.13411179448944,210,"MW, MZ","Malawi, Mozambique"
42076,CYCADOPSIDA,CYCADALES,CYCADACEAE,Cycas guizhouensis,,VU,5.083149,5.29354047094604,1.12347641968549,211,CN,China
42217,PINOPSIDA,PINALES,CUPRESSACEAE,Cupressus chengiana,Cheng Cypress,VU,4.669921,4.66992902278921,1.10632335460047,212,CN,China
42135,CYCADOPSIDA,CYCADALES,ZAMIACEAE,Zamia lacandona,,EN,0.704532,2.30351291126869,1.09685644155261,213,MX,Mexico
41764,CYCADOPSIDA,CYCADALES,ZAMIACEAE,Encephalartos relictus,,EW,0.935527,1.14579046178812,1.08722230595155,214,0,0
41918,CYCADOPSIDA,CYCADALES,ZAMIACEAE,Encephalartos macrostrobilus,,EN,2.291509,2.3302317153198,1.08369754689947,215,UG,Uganda
178868,CYCADOPSIDA,CYCADALES,ZAMIACEAE,Dioon angustifolium,,VU,4.600817,4.62206898280574,1.08124802668921,216,MX,Mexico
42488,PINOPSIDA,PINALES,PODOCARPACEAE,Podocarpus archboldii,,VU,4.700354,4.70544806997914,1.07334638784705,217,"ID, PG","Indonesia, Papua New Guinea"
42129,CYCADOPSIDA,CYCADALES,ZAMIACEAE,Dioon holmgrenii,Sun Palm,VU,4.310354,4.33822781199741,1.0520202444093718,218,MX,Mexico
212754607,CYCADOPSIDA,CYCADALES,ZAMIACEAE,Ceratozamia fuscoviridis,,EN,2.131072,2.1368414238578,1.0363680905710329,219,MX,Mexico
42060,CYCADOPSIDA,CYCADALES,CYCADACEAE,Cycas nongnoochiae,,VU,4.307308,4.4368098500774,1.0338579122402,220,TH,Thailand
30995,PINOPSIDA,PINALES,CUPRESSACEAE,Libocedrus chevalieri,,CR,0.860223,1.08074899703795,1.02507822721315,221,NC,New Caledonia
39068,PINOPSIDA,PINALES,PINACEAE,Pinus palustris,Longleaf Pine,EN,1.773865,2.00927276261942,1.01010885289554,222,US,United States of America
42532,PINOPSIDA,PINALES,PODOCARPACEAE,Podocarpus sprucei,Guabisay,EN,2.086208,2.15107544293157,1.00889707055885,223,"EC, PE","Ecuador, Peru"
32996,PINOPSIDA,PINALES,PINACEAE,Picea martinezii,Martinez's Spruce,EN,1.962885,1.96303460320536,0.968286452799065,224,MX,Mexico
32336,PINOPSIDA,PINALES,CUPRESSACEAE,Cupressus gigantea,,VU,4.008476,4.00965465051418,0.934360466114042,225,CN,China
41886,CYCADOPSIDA,CYCADALES,ZAMIACEAE,Encephalartos dyerianus,Lillie Cycad,CR,0.753352,1.01615833116937,0.931971438890465,226,ZA,South Africa
41894,CYCADOPSIDA,CYCADALES,ZAMIACEAE,Encephalartos msinganus,Msinga Cycad,CR,0.942643,0.955319056858827,0.911774416498544,227,ZA,South Africa
42126,CYCADOPSIDA,CYCADALES,ZAMIACEAE,Ceratozamia morettii,,EN,1.78657,1.89509617311248,0.899940303067197,228,MX,Mexico
34104,PINOPSIDA,PINALES,PODOCARPACEAE,Podocarpus transiens,,EN,1.855266,1.95230378384309,0.894977354902904,229,BR,Brazil
32052,PINOPSIDA,PINALES,CUPRESSACEAE,Pilgerodendron uviferum,Guaitecas Cypress,VU,3.750902,3.84064205538945,0.893823220420797,230,"AR, CL","Argentina, Chile"
41926,CYCADOPSIDA,CYCADALES,ZAMIACEAE,Encephalartos trispinosus,Bushman's River Cycad,VU,3.67643,3.85859150873088,0.886794947924323,231,ZA,South Africa
179414474,CYCADOPSIDA,CYCADALES,ZAMIACEAE,Dioon tomasellii,palma de la Virgen,VU,2.839601,3.19346438774744,0.853791759631082,232,MX,Mexico
31254,PINOPSIDA,PINALES,CUPRESSACEAE,Calocedrus formosana,Taiwan Incense-Cedar,EN,1.27037,1.66791929726646,0.849657248232431,233,TW,"Taiwan, Province of China"
42122,CYCADOPSIDA,CYCADALES,ZAMIACEAE,Ceratozamia alvarezii,,EN,1.131586,1.67498945556639,0.837523482402441,234,MX,Mexico
178863,CYCADOPSIDA,CYCADALES,ZAMIACEAE,Ceratozamia mirandae,,EN,1.701518,1.70533770244265,0.82110076706659,235,MX,Mexico
42127,CYCADOPSIDA,CYCADALES,ZAMIACEAE,Ceratozamia sabatoi,,EN,1.521041,1.58050983213021,0.817834485156628,236,MX,Mexico
41902,CYCADOPSIDA,CYCADALES,ZAMIACEAE,Encephalartos chimanimaniensis,Chimanimani Cycad,EN,1.649174,1.65005282367261,0.8138166050058,237,MZ,Mozambique
34047,PINOPSIDA,PINALES,CUPRESSACEAE,Hesperocyparis bakeri,Baker Cypress,VU,3.413802,3.4138077347751,0.813034238225135,238,US,United States of America
42125,CYCADOPSIDA,CYCADALES,ZAMIACEAE,Ceratozamia matudae,,EN,1.131586,1.71455859717904,0.800640954152141,239,"GT, MX","Guatemala, Mexico"
30313,PINOPSIDA,PINALES,PINACEAE,Picea omorika,Serbian Spruce,EN,1.706081,1.71062743522118,0.799307737986882,240,"BA, RS","Bosnia and Herzegovina, Serbia"
32770,PINOPSIDA,PINALES,PODOCARPACEAE,Afrocarpus mannii,,VU,3.413254,3.41600930611439,0.795805102668676,241,ST,Sao Tome and Principe
31270,PINOPSIDA,PINALES,PINACEAE,Picea brachytyla,Sargent's Spruce,VU,3.382161,3.38216862703019,0.788944810102222,242,"CN, IN, MM","China, India, Myanmar"
41927,CYCADOPSIDA,CYCADALES,ZAMIACEAE,Encephalartos umbeluziensis,Umbeluzi Cycad,EN,1.603206,1.66185601701036,0.782543445818763,243,"MZ, SZ","Mozambique, Eswatini"
42146,CYCADOPSIDA,CYCADALES,ZAMIACEAE,Dioon merolae,Nimalari,VU,2.663727,3.10177666946531,0.7649346665672,244,MX,Mexico
133722,PINOPSIDA,PINALES,CUPRESSACEAE,Calocedrus rupestris,,EN,1.029483,1.44422349844307,0.754534051127532,245,"CN, VN","China, Viet Nam"
32320,PINOPSIDA,PINALES,PINACEAE,Abies ziyuanensis,Ziyuan Fir,EN,1.499278,1.49927800017171,0.75194447754845,246,CN,China
34074,PINOPSIDA,PINALES,CUPRESSACEAE,Callitris monticola,Steelhead,VU,3.285314,3.28594267165325,0.747835350055672,247,AU,Australia
31245,PINOPSIDA,PINALES,CUPRESSACEAE,Thuja koraiensis,Korean Arbor-vitae,VU,3.049428,3.17404125330179,0.740074454248573,248,"CN, KP, KR","China, Korea, Democratic People's Republic of, Korea, Republic of"
42219,PINOPSIDA,PINALES,CUPRESSACEAE,Hesperocyparis goveniana,Gowen Cypress,EN,1.516994,1.53524898972561,0.735036886206994,249,US,United States of America
42220,PINOPSIDA,PINALES,CUPRESSACEAE,Hesperocyparis guadalupensis,Guadalupe Cypress,EN,1.359731,1.37193943878776,0.722528588053195,250,"MX, US","Mexico, United States of America"
42424,PINOPSIDA,PINALES,PINACEAE,Pinus torreyana,Torrey Pine,CR,0.715432,0.768823144550525,0.720001911414298,251,US,United States of America
30996,PINOPSIDA,PINALES,CUPRESSACEAE,Libocedrus yateensis,,EN,1.117405,1.46537783318266,0.718686034069004,252,NC,New Caledonia
32368,PINOPSIDA,PINALES,PINACEAE,Pinus wangii,,EN,1.554457,1.60232596479023,0.714077830194987,253,CN,China
32101,PINOPSIDA,PINALES,PINACEAE,Abies fraseri,Fraser's Fir,EN,1.426942,1.42694219906447,0.706567286186742,254,US,United States of America
41891,CYCADOPSIDA,CYCADALES,ZAMIACEAE,Encephalartos laevifolius,Kaapsehoop Cycad,CR,0.463737,0.791016846532032,0.706295345880603,255,"SZ, ZA","Eswatini, South Africa"
41964,CYCADOPSIDA,CYCADALES,ZAMIACEAE,Macrozamia lomandroides,,EN,1.297807,1.44918560655763,0.695485809275774,256,AU,Australia
42329,PINOPSIDA,PINALES,PINACEAE,Picea maximowiczii,Maximowicz's Spruce,EN,1.187415,1.38325300118742,0.694309134052196,257,JP,Japan
30320,PINOPSIDA,PINALES,PINACEAE,Abies numidica,Algerian Fir,CR,0.680957,0.705679496219431,0.641206225730656,258,DZ,Algeria
